西元,實歲,大運,流年,大運流年合化,運勢 ( 紅線越長代表該年運勢越佳 ),bazi,uniqueid
1977,1,戊子,丁巳,,,戊子辛酉己丑乙卯,3527
1978,2,戊子,戊午,,,戊子辛酉己丑乙卯,3527
1979,3,戊子,己未,,,戊子辛酉己丑乙卯,3527
1980,4,戊子,庚申,地支水局,,戊子辛酉己丑乙卯,3527
1981,5,戊子,辛酉,,,戊子辛酉己丑乙卯,3527
1982,6,戊子,壬戌,,,戊子辛酉己丑乙卯,3527
1983,7,戊子,癸亥,天干化火,,戊子辛酉己丑乙卯,3527
1984,8,戊子,甲子,,,戊子辛酉己丑乙卯,3527
1985,9,戊子,乙丑,地支土局,,戊子辛酉己丑乙卯,3527
1986,10,戊子,丙寅,,,戊子辛酉己丑乙卯,3527
1987,11,丁亥,丁卯,地支木局,,戊子辛酉己丑乙卯,3527
1988,12,丁亥,戊辰,,,戊子辛酉己丑乙卯,3527
1989,13,丁亥,己巳,,,戊子辛酉己丑乙卯,3527
1990,14,丁亥,庚午,,,戊子辛酉己丑乙卯,3527
1991,15,丁亥,辛未,地支木局,,戊子辛酉己丑乙卯,3527
1992,16,丁亥,壬申,天干化木,,戊子辛酉己丑乙卯,3527
1993,17,丁亥,癸酉,,,戊子辛酉己丑乙卯,3527
1994,18,丁亥,甲戌,,,戊子辛酉己丑乙卯,3527
1995,19,丁亥,乙亥,,,戊子辛酉己丑乙卯,3527
1996,20,丁亥,丙子,,,戊子辛酉己丑乙卯,3527
1997,21,丙戌,丁丑,大運火庫地支土局,,戊子辛酉己丑乙卯,3527
1998,22,丙戌,戊寅,地支火局,,戊子辛酉己丑乙卯,3527
1999,23,丙戌,己卯,地支合火,,戊子辛酉己丑乙卯,3527
2000,24,丙戌,庚辰,大運火庫地支土局,,戊子辛酉己丑乙卯,3527
2001,25,丙戌,辛巳,天干化水,,戊子辛酉己丑乙卯,3527
2002,26,丙戌,壬午,地支火局,,戊子辛酉己丑乙卯,3527
2003,27,丙戌,癸未,大運火庫地支土局,,戊子辛酉己丑乙卯,3527
2004,28,丙戌,甲申,大運火庫,,戊子辛酉己丑乙卯,3527
2005,29,丙戌,乙酉,大運火庫,,戊子辛酉己丑乙卯,3527
2006,30,丙戌,丙戌,大運火庫地支土局,,戊子辛酉己丑乙卯,3527
2007,31,乙酉,丁亥,,,戊子辛酉己丑乙卯,3527
2008,32,乙酉,戊子,,,戊子辛酉己丑乙卯,3527
2009,33,乙酉,己丑,地支金局,,戊子辛酉己丑乙卯,3527
2010,34,乙酉,庚寅,天干化金,,戊子辛酉己丑乙卯,3527
2011,35,乙酉,辛卯,,,戊子辛酉己丑乙卯,3527
2012,36,乙酉,壬辰,地支合金,,戊子辛酉己丑乙卯,3527
2013,37,乙酉,癸巳,地支金局,,戊子辛酉己丑乙卯,3527
2014,38,乙酉,甲午,,,戊子辛酉己丑乙卯,3527
2015,39,乙酉,乙未,,,戊子辛酉己丑乙卯,3527
2016,40,乙酉,丙申,,,戊子辛酉己丑乙卯,3527
2017,41,甲申,丁酉,,,戊子辛酉己丑乙卯,3527
2018,42,甲申,戊戌,,,戊子辛酉己丑乙卯,3527
2019,43,甲申,己亥,天干化土,,戊子辛酉己丑乙卯,3527
2020,44,甲申,庚子,地支水局,,戊子辛酉己丑乙卯,3527
2021,45,甲申,辛丑,,,戊子辛酉己丑乙卯,3527
2022,46,甲申,壬寅,,,戊子辛酉己丑乙卯,3527
2023,47,甲申,癸卯,,,戊子辛酉己丑乙卯,3527
(adsbygoogle = window.adsbygoogle || []).push({});,(adsbygoogle = window.adsbygoogle || []).push({});,(adsbygoogle = window.adsbygoogle || []).push({});,(adsbygoogle = window.adsbygoogle || []).push({});,(adsbygoogle = window.adsbygoogle || []).push({});,(adsbygoogle = window.adsbygoogle || []).push({});,戊子辛酉己丑乙卯,3527
2024,48,甲申,甲辰,地支水局,,戊子辛酉己丑乙卯,3527
2025,49,甲申,乙巳,地支合水,,戊子辛酉己丑乙卯,3527
2026,50,甲申,丙午,,,戊子辛酉己丑乙卯,3527
2027,51,癸未,丁未,地支土局,,戊子辛酉己丑乙卯,3527
2028,52,癸未,戊申,天干化火,,戊子辛酉己丑乙卯,3527
2029,53,癸未,己酉,,,戊子辛酉己丑乙卯,3527
2030,54,癸未,庚戌,地支土局,,戊子辛酉己丑乙卯,3527
2031,55,癸未,辛亥,地支木局,,戊子辛酉己丑乙卯,3527
2032,56,癸未,壬子,,,戊子辛酉己丑乙卯,3527
2033,57,癸未,癸丑,地支土局,,戊子辛酉己丑乙卯,3527
2034,58,癸未,甲寅,,,戊子辛酉己丑乙卯,3527
2035,59,癸未,乙卯,地支木局,,戊子辛酉己丑乙卯,3527
2036,60,癸未,丙辰,地支土局,,戊子辛酉己丑乙卯,3527
2037,61,壬午,丁巳,天干化木,,戊子辛酉己丑乙卯,3527
2038,62,壬午,戊午,,,戊子辛酉己丑乙卯,3527
2039,63,壬午,己未,,,戊子辛酉己丑乙卯,3527
2040,64,壬午,庚申,,,戊子辛酉己丑乙卯,3527
2041,65,壬午,辛酉,,,戊子辛酉己丑乙卯,3527
2042,66,壬午,壬戌,地支火局,,戊子辛酉己丑乙卯,3527
2043,67,壬午,癸亥,,,戊子辛酉己丑乙卯,3527
2044,68,壬午,甲子,,,戊子辛酉己丑乙卯,3527
2045,69,壬午,乙丑,,,戊子辛酉己丑乙卯,3527
2046,70,壬午,丙寅,地支火局,,戊子辛酉己丑乙卯,3527
2047,71,辛巳,丁卯,,,戊子辛酉己丑乙卯,3527
2048,72,辛巳,戊辰,,,戊子辛酉己丑乙卯,3527
2049,73,辛巳,己巳,,,戊子辛酉己丑乙卯,3527
2050,74,辛巳,庚午,,,戊子辛酉己丑乙卯,3527
2051,75,辛巳,辛未,,,戊子辛酉己丑乙卯,3527
2052,76,辛巳,壬申,地支合水,,戊子辛酉己丑乙卯,3527
2053,77,辛巳,癸酉,地支金局,,戊子辛酉己丑乙卯,3527
2054,78,辛巳,甲戌,,,戊子辛酉己丑乙卯,3527
2055,79,辛巳,乙亥,,,戊子辛酉己丑乙卯,3527
2056,80,辛巳,丙子,天干化水,,戊子辛酉己丑乙卯,3527
